DATAFLOW,REF_AREA,FREQ,MEASURE,CUR,TIME_PERIOD,OBS_VALUE,OBS_STATUS,UNIT_MEASURE_TYPE,UNIT_MEASURE,UNIT_MULT,SOURCE,NOTE_SOURCE,NOTE_INDICATOR,NOTE_CLASSIF,DECIMALS,UPPER_BOUND,LOWER_BOUND
ILO:DF_EAR_INEE_CUR_NB(1.0),AUS,A,EAR_INEE_NB,CUR_TYPE_PPP,1998,1130.548,,NB,CR,0,ADM - Labour legislation,,AUD: Australian dollar,,2,,
ILO:DF_EAR_INEE_CUR_NB(1.0),AUS,A,EAR_INEE_NB,CUR_TYPE_PPP,1999,1178.45,,NB,CR,0,ADM - Labour legislation,,AUD: Australian dollar,,2,,
ILO:DF_EAR_INEE_CUR_NB(1.0),AUS,A,EAR_INEE_NB,CUR_TYPE_PPP,2000,1205.655,,NB,CR,0,ADM - Labour legislation,,AUD: Australian dollar,,2,,
ILO:DF_EAR_INEE_CUR_NB(1.0),AUS,A,EAR_INEE_NB,CUR_TYPE_PPP,2001,1235.16,,NB,CR,0,ADM - Labour legislation,,AUD: Australian dollar,,2,,
ILO:DF_EAR_INEE_CUR_NB(1.0),AUS,A,EAR_INEE_NB,CUR_TYPE_PPP,2002,1258.211,,NB,CR,0,ADM - Labour legislation,,AUD: Australian dollar,,2,,
ILO:DF_EAR_INEE_CUR_NB(1.0),AUS,A,EAR_INEE_NB,CUR_TYPE_PPP,2003,1284.135,,NB,CR,0,ADM - Labour legislation,,AUD: Australian dollar,,2,,
ILO:DF_EAR_INEE_CUR_NB(1.0),AUS,A,EAR_INEE_NB,CUR_TYPE_PPP,2004,1348.561,,NB,CR,0,ADM - Labour legislation,,AUD: Australian dollar,,2,,
ILO:DF_EAR_INEE_CUR_NB(1.0),AUS,A,EAR_INEE_NB,CUR_TYPE_PPP,2005,1383.065,,NB,CR,0,ADM - Labour legislation,,AUD: Australian dollar,,2,,
ILO:DF_EAR_INEE_CUR_NB(1.0),AUS,A,EAR_INEE_NB,CUR_TYPE_PPP,2006,1404.052,,NB,CR,0,ADM - Labour legislation,,AUD: Australian dollar,,2,,
ILO:DF_EAR_INEE_CUR_NB(1.0),AUS,A,EAR_INEE_NB,CUR_TYPE_PPP,2007,1474.795,,NB,CR,0,ADM - Labour legislation,,AUD: Australian dollar,,2,,
ILO:DF_EAR_INEE_CUR_NB(1.0),AUS,A,EAR_INEE_NB,CUR_TYPE_PPP,2008,1539.439,,NB,CR,0,ADM - Labour legislation,,Type of minimum wage: National floor | ILO calculation: Weekly figure multiplied by 4.33 weeks | AUD: Australian dollar,,2,,
ILO:DF_EAR_INEE_CUR_NB(1.0),AUS,A,EAR_INEE_NB,CUR_TYPE_PPP,2009,1520.509,,NB,CR,0,ADM - Labour legislation,,Type of minimum wage: National floor | ILO calculation: Weekly figure multiplied by 4.33 weeks | AUD: Australian dollar,,2,,
ILO:DF_EAR_INEE_CUR_NB(1.0),AUS,A,EAR_INEE_NB,CUR_TYPE_PPP,2010,1588.242,,NB,CR,0,ADM - Labour legislation,,Type of minimum wage: National floor | ILO calculation: Weekly figure multiplied by 4.33 weeks | AUD: Australian dollar,,2,,
ILO:DF_EAR_INEE_CUR_NB(1.0),AUS,A,EAR_INEE_NB,CUR_TYPE_PPP,2011,1672.714,,NB,CR,0,ADM - Labour legislation,,Type of minimum wage: National floor | ILO calculation: Weekly figure multiplied by 4.33 weeks | AUD: Australian dollar,,2,,
ILO:DF_EAR_INEE_CUR_NB(1.0),AUS,A,EAR_INEE_NB,CUR_TYPE_PPP,2012,1699.476,,NB,CR,0,ADM - Labour legislation,,Type of minimum wage: National floor | ILO calculation: Weekly figure multiplied by 4.33 weeks | AUD: Australian dollar,,2,,
ILO:DF_EAR_INEE_CUR_NB(1.0),AUS,A,EAR_INEE_NB,CUR_TYPE_PPP,2013,1775.974,,NB,CR,0,ADM - Labour legislation,,Type of minimum wage: National floor | ILO calculation: Weekly figure multiplied by 4.33 weeks | AUD: Australian dollar,,2,,
ILO:DF_EAR_INEE_CUR_NB(1.0),AUS,A,EAR_INEE_NB,CUR_TYPE_PPP,2014,1814.929,,NB,CR,0,ADM - Labour legislation,,Type of minimum wage: National floor | ILO calculation: Weekly figure multiplied by 4.33 weeks | AUD: Australian dollar,,2,,
ILO:DF_EAR_INEE_CUR_NB(1.0),AUS,A,EAR_INEE_NB,CUR_TYPE_PPP,2015,1841.89,,NB,CR,0,ADM - Labour legislation,,Type of minimum wage: National floor | ILO calculation: Weekly figure multiplied by 4.33 weeks | AUD: Australian dollar,,2,,
ILO:DF_EAR_INEE_CUR_NB(1.0),AUS,A,EAR_INEE_NB,CUR_TYPE_PPP,2016,1901.155,,NB,CR,0,ADM - Labour legislation,,Type of minimum wage: National floor | ILO calculation: Weekly figure multiplied by 4.33 weeks | AUD: Australian dollar,,2,,
ILO:DF_EAR_INEE_CUR_NB(1.0),AUS,A,EAR_INEE_NB,CUR_TYPE_PPP,2017,1926.721,,NB,CR,0,ADM - Labour legislation,,Type of minimum wage: National floor | ILO calculation: Weekly figure multiplied by 4.33 weeks | AUD: Australian dollar,,2,,
ILO:DF_EAR_INEE_CUR_NB(1.0),AUS,A,EAR_INEE_NB,CUR_TYPE_PPP,2018,1998.599,,NB,CR,0,ADM - Labour legislation,,Type of minimum wage: National floor | ILO calculation: Weekly figure multiplied by 4.33 weeks | AUD: Australian dollar,,2,,
ILO:DF_EAR_INEE_CUR_NB(1.0),AUS,A,EAR_INEE_NB,CUR_TYPE_PPP,2019,2050.876,,NB,CR,0,ADM - Labour legislation,,Type of minimum wage: National floor | ILO calculation: Weekly figure multiplied by 4.33 weeks | AUD: Australian dollar,,2,,
ILO:DF_EAR_INEE_CUR_NB(1.0),AUS,A,EAR_INEE_NB,CUR_TYPE_PPP,2020,2114.786,,NB,CR,0,ADM - Labour legislation,,Type of minimum wage: National floor | ILO calculation: Weekly figure multiplied by 4.33 weeks | AUD: Australian dollar,,2,,
ILO:DF_EAR_INEE_CUR_NB(1.0),AUS,A,EAR_INEE_NB,CUR_TYPE_PPP,2021,2225.595,,NB,CR,0,ADM - Labour legislation,,Type of minimum wage: National floor | ILO calculation: Weekly figure multiplied by 4.33 weeks | AUD: Australian dollar,,2,,
ILO:DF_EAR_INEE_CUR_NB(1.0),AUS,A,EAR_INEE_NB,CUR_TYPE_PPP,2022,2492.667,,NB,CR,0,ADM - Labour legislation,,Type of minimum wage: National floor | ILO calculation: Weekly figure multiplied by 4.33 weeks | AUD: Australian dollar,,2,,
ILO:DF_EAR_INEE_CUR_NB(1.0),AUS,A,EAR_INEE_NB,CUR_TYPE_PPP,2023,2652.948,,NB,CR,0,ADM - Labour legislation,,Type of minimum wage: National floor | ILO calculation: Weekly figure multiplied by 4.33 weeks | AUD: Australian dollar,,2,,
ILO:DF_EAR_INEE_CUR_NB(1.0),AUS,A,EAR_INEE_NB,CUR_TYPE_PPP,2024,2818.721,,NB,CR,0,ADM - Labour legislation,,Type of minimum wage: National floor | ILO calculation: Weekly figure multiplied by 4.33 weeks | AUD: Australian dollar,,2,,
ILO:DF_EAR_INEE_CUR_NB(1.0),CAN,A,EAR_INEE_NB,CUR_TYPE_PPP,1995,907.567,,NB,CR,0,ADM - Labour legislation,Repository: Ministry of Labour  | Geographical coverage: Ontario & Quebec,Central tendency measure: Mean of regional minimum wages | CAD: Canadian Dollar,,2,,
ILO:DF_EAR_INEE_CUR_NB(1.0),CAN,A,EAR_INEE_NB,CUR_TYPE_PPP,1996,930.034,,NB,CR,0,ADM - Labour legislation,Repository: Ministry of Labour  | Geographical coverage: Ontario & Quebec,Central tendency measure: Mean of regional minimum wages | CAD: Canadian Dollar,,2,,
ILO:DF_EAR_INEE_CUR_NB(1.0),CAN,A,EAR_INEE_NB,CUR_TYPE_PPP,1997,940.652,,NB,CR,0,ADM - Labour legislation,Repository: Ministry of Labour  | Geographical coverage: Ontario & Quebec,Central tendency measure: Mean of regional minimum wages | CAD: Canadian Dollar,,2,,
ILO:DF_EAR_INEE_CUR_NB(1.0),CAN,A,EAR_INEE_NB,CUR_TYPE_PPP,1998,942.963,,NB,CR,0,ADM - Labour legislation,Repository: Ministry of Labour  | Geographical coverage: Ontario & Quebec,Central tendency measure: Mean of regional minimum wages | CAD: Canadian Dollar,,2,,
ILO:DF_EAR_INEE_CUR_NB(1.0),CAN,A,EAR_INEE_NB,CUR_TYPE_PPP,1999,941.667,,NB,CR,0,ADM - Labour legislation,Repository: Ministry of Labour  | Geographical coverage: Ontario & Quebec,Central tendency measure: Mean of regional minimum wages | CAD: Canadian Dollar,,2,,
ILO:DF_EAR_INEE_CUR_NB(1.0),CAN,A,EAR_INEE_NB,CUR_TYPE_PPP,2000,938.531,,NB,CR,0,ADM - Labour legislation,Repository: Ministry of Labour  | Geographical coverage: Ontario & Quebec,Central tendency measure: Mean of regional minimum wages | CAD: Canadian Dollar,,2,,
ILO:DF_EAR_INEE_CUR_NB(1.0),CAN,A,EAR_INEE_NB,CUR_TYPE_PPP,2001,944.081,,NB,CR,0,ADM - Labour legislation,Repository: Ministry of Labour  | Geographical coverage: Ontario & Quebec,Central tendency measure: Mean of regional minimum wages | CAD: Canadian Dollar,,2,,
ILO:DF_EAR_INEE_CUR_NB(1.0),CAN,A,EAR_INEE_NB,CUR_TYPE_PPP,2002,946.369,,NB,CR,0,ADM - Labour legislation,Repository: Ministry of Labour  | Geographical coverage: Ontario & Quebec,Central tendency measure: Mean of regional minimum wages | CAD: Canadian Dollar,,2,,
ILO:DF_EAR_INEE_CUR_NB(1.0),CAN,A,EAR_INEE_NB,CUR_TYPE_PPP,2003,954.278,,NB,CR,0,ADM - Labour legislation,Repository: Ministry of Labour  | Geographical coverage: Ontario & Quebec,Central tendency measure: Mean of regional minimum wages | CAD: Canadian Dollar,,2,,
ILO:DF_EAR_INEE_CUR_NB(1.0),CAN,A,EAR_INEE_NB,CUR_TYPE_PPP,2004,994.002,,NB,CR,0,ADM - Labour legislation,Repository: Ministry of Labour  | Geographical coverage: Ontario & Quebec,Central tendency measure: Mean of regional minimum wages | CAD: Canadian Dollar,,2,,
ILO:DF_EAR_INEE_CUR_NB(1.0),CAN,A,EAR_INEE_NB,CUR_TYPE_PPP,2005,1034.926,,NB,CR,0,ADM - Labour legislation,Repository: Ministry of Labour  | Geographical coverage: Ontario & Quebec,Central tendency measure: Mean of regional minimum wages | CAD: Canadian Dollar,,2,,
ILO:DF_EAR_INEE_CUR_NB(1.0),CAN,A,EAR_INEE_NB,CUR_TYPE_PPP,2006,1043.818,,NB,CR,0,ADM - Labour legislation,Repository: Ministry of Labour  | Geographical coverage: Ontario & Quebec,Central tendency measure: Mean of regional minimum wages | CAD: Canadian Dollar,,2,,
ILO:DF_EAR_INEE_CUR_NB(1.0),CAN,A,EAR_INEE_NB,CUR_TYPE_PPP,2007,1088.95,,NB,CR,0,ADM - Labour legislation,Repository: Ministry of Labour  | Geographical coverage: Ontario & Quebec,Central tendency measure: Mean of regional minimum wages | CAD: Canadian Dollar,,2,,
ILO:DF_EAR_INEE_CUR_NB(1.0),CAN,A,EAR_INEE_NB,CUR_TYPE_PPP,2008,1031.842,,NB,CR,0,ADM - Labour legislation,,CAD: Canadian Dollar,,2,,
ILO:DF_EAR_INEE_CUR_NB(1.0),CAN,A,EAR_INEE_NB,CUR_TYPE_PPP,2009,1065.339,,NB,CR,0,ADM - Labour legislation,,CAD: Canadian Dollar,,2,,
ILO:DF_EAR_INEE_CUR_NB(1.0),CAN,A,EAR_INEE_NB,CUR_TYPE_PPP,2010,1070.125,,NB,CR,0,ADM - Labour legislation,,CAD: Canadian Dollar,,2,,
ILO:DF_EAR_INEE_CUR_NB(1.0),CAN,A,EAR_INEE_NB,CUR_TYPE_PPP,2011,1180.668,,NB,CR,0,ADM - Labour legislation,,CAD: Canadian Dollar,,2,,
ILO:DF_EAR_INEE_CUR_NB(1.0),CAN,A,EAR_INEE_NB,CUR_TYPE_PPP,2012,1251.242,,NB,CR,0,ADM - Labour legislation,,CAD: Canadian Dollar,,2,,
ILO:DF_EAR_INEE_CUR_NB(1.0),CAN,A,EAR_INEE_NB,CUR_TYPE_PPP,2013,1263.682,,NB,CR,0,ADM - Labour legislation,,CAD: Canadian Dollar,,2,,
ILO:DF_EAR_INEE_CUR_NB(1.0),CAN,A,EAR_INEE_NB,CUR_TYPE_PPP,2014,1321.868,,NB,CR,0,ADM - Labour legislation,,CAD: Canadian Dollar,,2,,
ILO:DF_EAR_INEE_CUR_NB(1.0),CAN,A,EAR_INEE_NB,CUR_TYPE_PPP,2015,1332.064,,NB,CR,0,ADM - Labour legislation,,CAD: Canadian Dollar,,2,,
ILO:DF_EAR_INEE_CUR_NB(1.0),CAN,A,EAR_INEE_NB,CUR_TYPE_PPP,2016,1399.205,,NB,CR,0,ADM - Labour legislation,,CAD: Canadian Dollar,,2,,
ILO:DF_EAR_INEE_CUR_NB(1.0),CAN,A,EAR_INEE_NB,CUR_TYPE_PPP,2017,1435.551,,NB,CR,0,ADM - Labour legislation,,CAD: Canadian Dollar,,2,,
ILO:DF_EAR_INEE_CUR_NB(1.0),CAN,A,EAR_INEE_NB,CUR_TYPE_PPP,2018,1481.633,,NB,CR,0,ADM - Labour legislation,,CAD: Canadian Dollar,,2,,
ILO:DF_EAR_INEE_CUR_NB(1.0),CAN,A,EAR_INEE_NB,CUR_TYPE_PPP,2019,1475.33,,NB,CR,0,ADM - Labour legislation,,CAD: Canadian Dollar,,2,,
ILO:DF_EAR_INEE_CUR_NB(1.0),CAN,A,EAR_INEE_NB,CUR_TYPE_PPP,2020,1616.893,,NB,CR,0,ADM - Labour legislation,,CAD: Canadian Dollar,,2,,
ILO:DF_EAR_INEE_CUR_NB(1.0),CAN,A,EAR_INEE_NB,CUR_TYPE_PPP,2021,1881.238,,NB,CR,0,ADM - Labour legislation,,Type of minimum wage: Regional | Central tendency measure: Median | ILO calculation: Hourly figure multiplied by 40 hours and 4.33 weeks | CAD: Canadian Dollar,,2,,
ILO:DF_EAR_INEE_CUR_NB(1.0),CAN,A,EAR_INEE_NB,CUR_TYPE_PPP,2022,2009.246,,NB,CR,0,ADM - Labour legislation,,Type of minimum wage: Regional | Central tendency measure: Median | ILO calculation: Hourly figure multiplied by 40 hours and 4.33 weeks | CAD: Canadian Dollar,,2,,
ILO:DF_EAR_INEE_CUR_NB(1.0),CAN,A,EAR_INEE_NB,CUR_TYPE_PPP,2023,2194.496,,NB,CR,0,ADM - Labour legislation,,Type of minimum wage: Regional | Central tendency measure: Median | ILO calculation: Hourly figure multiplied by 40 hours and 4.33 weeks | CAD: Canadian Dollar,,2,,
ILO:DF_EAR_INEE_CUR_NB(1.0),CAN,A,EAR_INEE_NB,CUR_TYPE_PPP,2024,2324.114,,NB,CR,0,ADM - Labour legislation,,Type of minimum wage: Regional | Central tendency measure: Median | ILO calculation: Hourly figure multiplied by 40 hours and 4.33 weeks | CAD: Canadian Dollar,,2,,
ILO:DF_EAR_INEE_CUR_NB(1.0),GBR,A,EAR_INEE_NB,CUR_TYPE_PPP,1999,732.463,,NB,CR,0,ADM - Labour legislation,Repository: Eurostat | Data reference period: July,Type of minimum wage: Singular national minimum wage | GBP: British pound,,2,,
ILO:DF_EAR_INEE_CUR_NB(1.0),GBR,A,EAR_INEE_NB,CUR_TYPE_PPP,2000,761.459,,NB,CR,0,ADM - Labour legislation,Repository: Eurostat | Data reference period: July,Type of minimum wage: Singular national minimum wage | GBP: British pound,,2,,
ILO:DF_EAR_INEE_CUR_NB(1.0),GBR,A,EAR_INEE_NB,CUR_TYPE_PPP,2001,806.941,,NB,CR,0,ADM - Labour legislation,Repository: Eurostat | Data reference period: July,Type of minimum wage: Singular national minimum wage | GBP: British pound,,2,,
ILO:DF_EAR_INEE_CUR_NB(1.0),GBR,A,EAR_INEE_NB,CUR_TYPE_PPP,2002,883.533,,NB,CR,0,ADM - Labour legislation,Repository: Eurostat | Data reference period: July,Type of minimum wage: Singular national minimum wage | GBP: British pound,,2,,
ILO:DF_EAR_INEE_CUR_NB(1.0),GBR,A,EAR_INEE_NB,CUR_TYPE_PPP,2003,910.232,,NB,CR,0,ADM - Labour legislation,Repository: Eurostat | Data reference period: July,Type of minimum wage: Singular national minimum wage | GBP: British pound,,2,,
ILO:DF_EAR_INEE_CUR_NB(1.0),GBR,A,EAR_INEE_NB,CUR_TYPE_PPP,2004,1000.151,,NB,CR,0,ADM - Labour legislation,Repository: Eurostat | Data reference period: July,Type of minimum wage: Singular national minimum wage | GBP: British pound,,2,,
ILO:DF_EAR_INEE_CUR_NB(1.0),GBR,A,EAR_INEE_NB,CUR_TYPE_PPP,2005,1048.625,,NB,CR,0,ADM - Labour legislation,Repository: Eurostat | Data reference period: July,Type of minimum wage: Singular national minimum wage | GBP: British pound,,2,,
ILO:DF_EAR_INEE_CUR_NB(1.0),GBR,A,EAR_INEE_NB,CUR_TYPE_PPP,2006,1108.401,,NB,CR,0,ADM - Labour legislation,Repository: Eurostat | Data reference period: July,Type of minimum wage: Singular national minimum wage | GBP: British pound,,2,,
ILO:DF_EAR_INEE_CUR_NB(1.0),GBR,A,EAR_INEE_NB,CUR_TYPE_PPP,2007,1163.66,,NB,CR,0,ADM - Labour legislation,Repository: Eurostat | Data reference period: July,Type of minimum wage: Singular national minimum wage | GBP: British pound,,2,,
ILO:DF_EAR_INEE_CUR_NB(1.0),GBR,A,EAR_INEE_NB,CUR_TYPE_PPP,2008,1193.269,,NB,CR,0,ADM - Labour legislation,Repository: Eurostat | Data reference period: July,Type of minimum wage: Singular national minimum wage | GBP: British pound,,2,,
ILO:DF_EAR_INEE_CUR_NB(1.0),GBR,A,EAR_INEE_NB,CUR_TYPE_PPP,2009,1211.943,,NB,CR,0,ADM - Labour legislation,Repository: Eurostat | Data reference period: July,Type of minimum wage: Singular national minimum wage | GBP: British pound,,2,,
ILO:DF_EAR_INEE_CUR_NB(1.0),GBR,A,EAR_INEE_NB,CUR_TYPE_PPP,2010,1228.266,,NB,CR,0,ADM - Labour legislation,Repository: Eurostat | Data reference period: July,Type of minimum wage: Singular national minimum wage | GBP: British pound,,2,,
ILO:DF_EAR_INEE_CUR_NB(1.0),GBR,A,EAR_INEE_NB,CUR_TYPE_PPP,2011,1257.592,,NB,CR,0,ADM - Labour legislation,Repository: Eurostat | Data reference period: July,Type of minimum wage: Singular national minimum wage | GBP: British pound,,2,,
ILO:DF_EAR_INEE_CUR_NB(1.0),GBR,A,EAR_INEE_NB,CUR_TYPE_PPP,2012,1275.395,,NB,CR,0,ADM - Labour legislation,Repository: Eurostat | Data reference period: July,Type of minimum wage: Singular national minimum wage | GBP: British pound,,2,,
ILO:DF_EAR_INEE_CUR_NB(1.0),GBR,A,EAR_INEE_NB,CUR_TYPE_PPP,2013,1286.441,,NB,CR,0,ADM - Labour legislation,Repository: Eurostat | Data reference period: July,Type of minimum wage: Singular national minimum wage | GBP: British pound,,2,,
ILO:DF_EAR_INEE_CUR_NB(1.0),GBR,A,EAR_INEE_NB,CUR_TYPE_PPP,2014,1306.171,,NB,CR,0,ADM - Labour legislation,Repository: Eurostat | Data reference period: July,Type of minimum wage: Singular national minimum wage | GBP: British pound,,2,,
ILO:DF_EAR_INEE_CUR_NB(1.0),GBR,A,EAR_INEE_NB,CUR_TYPE_PPP,2015,1332.839,,NB,CR,0,ADM - Labour legislation,Repository: Eurostat | Data reference period: July,Type of minimum wage: Singular national minimum wage | GBP: British pound,,2,,
ILO:DF_EAR_INEE_CUR_NB(1.0),GBR,A,EAR_INEE_NB,CUR_TYPE_PPP,2016,1512.806,,NB,CR,0,ADM - Labour legislation,Repository: Eurostat | Data reference period: July,Type of minimum wage: Singular national minimum wage | GBP: British pound,,2,,
ILO:DF_EAR_INEE_CUR_NB(1.0),GBR,A,EAR_INEE_NB,CUR_TYPE_PPP,2017,1579.849,,NB,CR,0,ADM - Labour legislation,Repository: Eurostat | Data reference period: July,Type of minimum wage: Singular national minimum wage | GBP: British pound,,2,,
ILO:DF_EAR_INEE_CUR_NB(1.0),GBR,A,EAR_INEE_NB,CUR_TYPE_PPP,2018,1664.32,,NB,CR,0,ADM - Labour legislation,Repository: Eurostat | Data reference period: July,Type of minimum wage: Singular national minimum wage | GBP: British pound,,2,,
ILO:DF_EAR_INEE_CUR_NB(1.0),GBR,A,EAR_INEE_NB,CUR_TYPE_PPP,2019,1800.099,,NB,CR,0,ADM - Labour legislation,Repository: Eurostat | Data reference period: July,Type of minimum wage: Singular national minimum wage | GBP: British pound,,2,,
ILO:DF_EAR_INEE_CUR_NB(1.0),GBR,A,EAR_INEE_NB,CUR_TYPE_PPP,2020,1923.392,,NB,CR,0,ADM - Labour legislation,Repository: Eurostat | Data reference period: July,Type of minimum wage: Singular national minimum wage | GBP: British pound,,2,,
ILO:DF_EAR_INEE_CUR_NB(1.0),GBR,A,EAR_INEE_NB,CUR_TYPE_PPP,2021,2007.357,,NB,CR,0,ADM - Labour legislation,,Type of minimum wage: National floor | ILO calculation: Hourly figure multiplied by 40 hours and 4.33 weeks | GBP: British pound,,2,,
ILO:DF_EAR_INEE_CUR_NB(1.0),GBR,A,EAR_INEE_NB,CUR_TYPE_PPP,2022,2263.541,,NB,CR,0,ADM - Labour legislation,,Type of minimum wage: National floor | ILO calculation: Hourly figure multiplied by 40 hours and 4.33 weeks | GBP: British pound,,2,,
ILO:DF_EAR_INEE_CUR_NB(1.0),GBR,A,EAR_INEE_NB,CUR_TYPE_PPP,2023,2679.066,,NB,CR,0,ADM - Labour legislation,,Type of minimum wage: National floor | ILO calculation: Hourly figure multiplied by 40 hours and 4.33 weeks | GBP: British pound,,2,,
ILO:DF_EAR_INEE_CUR_NB(1.0),GBR,A,EAR_INEE_NB,CUR_TYPE_PPP,2024,2902.134,,NB,CR,0,ADM - Labour legislation,,Type of minimum wage: National floor | ILO calculation: Hourly figure multiplied by 40 hours and 4.33 weeks | GBP: British pound,,2,,
ILO:DF_EAR_INEE_CUR_NB(1.0),USA,A,EAR_INEE_NB,CUR_TYPE_PPP,1991,658.65,,NB,CR,0,ADM - Labour legislation,,ILO calculation: Monthly figure divided by 40 hours and 4.33 weeks | USD: United States dollar,,2,,
ILO:DF_EAR_INEE_CUR_NB(1.0),USA,A,EAR_INEE_NB,CUR_TYPE_PPP,1992,736.65,,NB,CR,0,ADM - Labour legislation,,ILO calculation: Monthly figure divided by 40 hours and 4.33 weeks | USD: United States dollar,,2,,
ILO:DF_EAR_INEE_CUR_NB(1.0),USA,A,EAR_INEE_NB,CUR_TYPE_PPP,1994,736.65,,NB,CR,0,ADM - Labour legislation,,ILO calculation: Monthly figure divided by 40 hours and 4.33 weeks | USD: United States dollar,,2,,
ILO:DF_EAR_INEE_CUR_NB(1.0),USA,A,EAR_INEE_NB,CUR_TYPE_PPP,1996,736.65,,NB,CR,0,ADM - Labour legislation,,ILO calculation: Monthly figure divided by 40 hours and 4.33 weeks | USD: United States dollar,,2,,
ILO:DF_EAR_INEE_CUR_NB(1.0),USA,A,EAR_INEE_NB,CUR_TYPE_PPP,1997,823.32,,NB,CR,0,ADM - Labour legislation,,ILO calculation: Monthly figure divided by 40 hours and 4.33 weeks | USD: United States dollar,,2,,
ILO:DF_EAR_INEE_CUR_NB(1.0),USA,A,EAR_INEE_NB,CUR_TYPE_PPP,1998,892.65,,NB,CR,0,ADM - Labour legislation,,ILO calculation: Monthly figure divided by 40 hours and 4.33 weeks | USD: United States dollar,,2,,
ILO:DF_EAR_INEE_CUR_NB(1.0),USA,A,EAR_INEE_NB,CUR_TYPE_PPP,1999,893,,NB,CR,0,ADM - Labour legislation,Repository: Eurostat | Data reference period: July,Type of minimum wage: Singular national minimum wage | USD: United States dollar,,2,,
ILO:DF_EAR_INEE_CUR_NB(1.0),USA,A,EAR_INEE_NB,CUR_TYPE_PPP,2000,893,,NB,CR,0,ADM - Labour legislation,Repository: Eurostat | Data reference period: July,Type of minimum wage: Singular national minimum wage | USD: United States dollar,,2,,
ILO:DF_EAR_INEE_CUR_NB(1.0),USA,A,EAR_INEE_NB,CUR_TYPE_PPP,2001,893,,NB,CR,0,ADM - Labour legislation,Repository: Eurostat | Data reference period: July,Type of minimum wage: Singular national minimum wage | USD: United States dollar,,2,,
ILO:DF_EAR_INEE_CUR_NB(1.0),USA,A,EAR_INEE_NB,CUR_TYPE_PPP,2002,893,,NB,CR,0,ADM - Labour legislation,Repository: Eurostat | Data reference period: July,Type of minimum wage: Singular national minimum wage | USD: United States dollar,,2,,
ILO:DF_EAR_INEE_CUR_NB(1.0),USA,A,EAR_INEE_NB,CUR_TYPE_PPP,2003,893,,NB,CR,0,ADM - Labour legislation,Repository: Eurostat | Data reference period: July,Type of minimum wage: Singular national minimum wage | USD: United States dollar,,2,,
ILO:DF_EAR_INEE_CUR_NB(1.0),USA,A,EAR_INEE_NB,CUR_TYPE_PPP,2004,893,,NB,CR,0,ADM - Labour legislation,Repository: Eurostat | Data reference period: July,Type of minimum wage: Singular national minimum wage | USD: United States dollar,,2,,
ILO:DF_EAR_INEE_CUR_NB(1.0),USA,A,EAR_INEE_NB,CUR_TYPE_PPP,2005,893,,NB,CR,0,ADM - Labour legislation,Repository: Eurostat | Data reference period: July,Type of minimum wage: Singular national minimum wage | USD: United States dollar,,2,,
ILO:DF_EAR_INEE_CUR_NB(1.0),USA,A,EAR_INEE_NB,CUR_TYPE_PPP,2006,893,,NB,CR,0,ADM - Labour legislation,Repository: Eurostat | Data reference period: July,Type of minimum wage: Singular national minimum wage | USD: United States dollar,,2,,
ILO:DF_EAR_INEE_CUR_NB(1.0),USA,A,EAR_INEE_NB,CUR_TYPE_PPP,2007,893,,NB,CR,0,ADM - Labour legislation,Repository: Eurostat | Data reference period: July,Type of minimum wage: Singular national minimum wage | USD: United States dollar,,2,,
ILO:DF_EAR_INEE_CUR_NB(1.0),USA,A,EAR_INEE_NB,CUR_TYPE_PPP,2008,1014,,NB,CR,0,ADM - Labour legislation,Repository: Eurostat | Data reference period: July,Type of minimum wage: Singular national minimum wage | USD: United States dollar,,2,,
ILO:DF_EAR_INEE_CUR_NB(1.0),USA,A,EAR_INEE_NB,CUR_TYPE_PPP,2009,1135,,NB,CR,0,ADM - Labour legislation,Repository: Eurostat | Data reference period: July,Type of minimum wage: Singular national minimum wage | USD: United States dollar,,2,,
ILO:DF_EAR_INEE_CUR_NB(1.0),USA,A,EAR_INEE_NB,CUR_TYPE_PPP,2010,1257,,NB,CR,0,ADM - Labour legislation,Repository: Eurostat | Data reference period: July,Type of minimum wage: Singular national minimum wage | USD: United States dollar,,2,,
ILO:DF_EAR_INEE_CUR_NB(1.0),USA,A,EAR_INEE_NB,CUR_TYPE_PPP,2011,1257,,NB,CR,0,ADM - Labour legislation,Repository: Eurostat | Data reference period: July,Type of minimum wage: Singular national minimum wage | USD: United States dollar,,2,,
ILO:DF_EAR_INEE_CUR_NB(1.0),USA,A,EAR_INEE_NB,CUR_TYPE_PPP,2012,1257,,NB,CR,0,ADM - Labour legislation,Repository: Eurostat | Data reference period: July,Type of minimum wage: Singular national minimum wage | USD: United States dollar,,2,,
ILO:DF_EAR_INEE_CUR_NB(1.0),USA,A,EAR_INEE_NB,CUR_TYPE_PPP,2013,1257,,NB,CR,0,ADM - Labour legislation,Repository: Eurostat | Data reference period: July,Type of minimum wage: Singular national minimum wage | USD: United States dollar,,2,,
ILO:DF_EAR_INEE_CUR_NB(1.0),USA,A,EAR_INEE_NB,CUR_TYPE_PPP,2014,1257,,NB,CR,0,ADM - Labour legislation,Repository: Eurostat | Data reference period: July,Type of minimum wage: Singular national minimum wage | USD: United States dollar,,2,,
ILO:DF_EAR_INEE_CUR_NB(1.0),USA,A,EAR_INEE_NB,CUR_TYPE_PPP,2015,1257,,NB,CR,0,ADM - Labour legislation,Repository: Eurostat | Data reference period: July,Type of minimum wage: Singular national minimum wage | USD: United States dollar,,2,,
ILO:DF_EAR_INEE_CUR_NB(1.0),USA,A,EAR_INEE_NB,CUR_TYPE_PPP,2016,1257,,NB,CR,0,ADM - Labour legislation,Repository: Eurostat | Data reference period: July,Type of minimum wage: Singular national minimum wage | USD: United States dollar,,2,,
ILO:DF_EAR_INEE_CUR_NB(1.0),USA,A,EAR_INEE_NB,CUR_TYPE_PPP,2017,1257,,NB,CR,0,ADM - Labour legislation,Repository: Eurostat | Data reference period: July,Type of minimum wage: Singular national minimum wage | USD: United States dollar,,2,,
ILO:DF_EAR_INEE_CUR_NB(1.0),USA,A,EAR_INEE_NB,CUR_TYPE_PPP,2018,1257,,NB,CR,0,ADM - Labour legislation,Repository: Eurostat | Data reference period: July,Type of minimum wage: Singular national minimum wage | USD: United States dollar,,2,,
ILO:DF_EAR_INEE_CUR_NB(1.0),USA,A,EAR_INEE_NB,CUR_TYPE_PPP,2019,1257,,NB,CR,0,ADM - Labour legislation,Repository: Eurostat | Data reference period: July,Type of minimum wage: Singular national minimum wage | USD: United States dollar,,2,,
ILO:DF_EAR_INEE_CUR_NB(1.0),USA,A,EAR_INEE_NB,CUR_TYPE_PPP,2020,1257,,NB,CR,0,ADM - Labour legislation,Repository: Eurostat | Data reference period: July,Type of minimum wage: Singular national minimum wage | USD: United States dollar,,2,,
ILO:DF_EAR_INEE_CUR_NB(1.0),USA,A,EAR_INEE_NB,CUR_TYPE_PPP,2021,1257,,NB,CR,0,ADM - Labour legislation,Repository: Eurostat | Data reference period: July,Type of minimum wage: Singular national minimum wage | USD: United States dollar,,2,,
ILO:DF_EAR_INEE_CUR_NB(1.0),USA,A,EAR_INEE_NB,CUR_TYPE_PPP,2022,1257,,NB,CR,0,ADM - Labour legislation,Repository: Eurostat | Data reference period: July,Type of minimum wage: Singular national minimum wage | USD: United States dollar,,2,,
ILO:DF_EAR_INEE_CUR_NB(1.0),USA,A,EAR_INEE_NB,CUR_TYPE_PPP,2023,1257,,NB,CR,0,ADM - Labour legislation,Repository: Eurostat | Data reference period: July,Type of minimum wage: Singular national minimum wage | USD: United States dollar,,2,,
ILO:DF_EAR_INEE_CUR_NB(1.0),USA,A,EAR_INEE_NB,CUR_TYPE_PPP,2024,1257,,NB,CR,0,ADM - Labour legislation,Repository: Eurostat | Data reference period: July,Type of minimum wage: Singular national minimum wage | USD: United States dollar,,2,,
ILO:DF_EAR_INEE_CUR_NB(1.0),USA,A,EAR_INEE_NB,CUR_TYPE_PPP,2025,1257,,NB,CR,0,ADM - Labour legislation,Repository: Eurostat | Data reference period: July,Type of minimum wage: Singular national minimum wage | USD: United States dollar,,2,,
ILO:DF_EAR_INEE_CUR_NB(1.0),USA,A,EAR_INEE_NB,CUR_TYPE_PPP,2026,1257,,NB,CR,0,ADM - Labour legislation,Repository: Eurostat | Data reference period: July,Type of minimum wage: Singular national minimum wage | USD: United States dollar,,2,,
